"userId","userName","email","password","role","designation","gender","joinDate"
1,"Brian Davis","Stephen_Larkin@gmail.com","$2b$10$yqHYs.qvHwefEpWNFfgm3OZwsFZ/nhnHADM3aZ13L2XwyAxhWnewC","Employee","Designation 5","Male","2024-03-29"
2,"Marsha Wilderman","Angelica31@gmail.com","$2b$10$lnKnaFGa03P7fbS6XgBWte5Pbn0CXjfW9k8eV8sOdpqIJ46me5H7K","Employee","Designation 9","Male","2024-06-13"
3,"Noah Bogisich-Hauck","Arianna8@yahoo.com","$2b$10$xLRMDofJGmUSe7gq4Rn1juDJpK2Qt4A1SPuKr0xlRCuF0HPrvJYNG","Employee","Designation 5","Male","2024-10-09"
4,"Bryant Parker","Lucas_Littel59@gmail.com","$2b$10$qDkbzSIxROSdVKOgVhQ6Nu.JnI4goi8BjJoN93PzYAk4LR4aq/oiy","Employee","Designation 5","Male","2024-02-08"
5,"Cecilia Lehner","Candelario_Turner12@hotmail.com","$2b$10$f95r1Q5HYoFe.yG0jQcfP.S3Vw4LAK3C54kR0OMpqVUrGk9xUbFf2","Employee","Designation 6","Female","2024-01-18"
6,"Dewey King","Adrian_Gibson24@gmail.com","$2b$10$Wrqtn4l6QE6JmGK.bIwdK..9r68q1jgiFsBTVgZpjyL4FdN/3SlbS","Employee","Designation 8","Female","2024-08-08"
7,"Ms. Judy MacGyver","Jackie.Emard@hotmail.com","$2b$10$VEFHEIojr7ZukpDPO/9BXO2hVjmmjSFlv7xpyR.qjQe62.xiVoHpC","Employee","Designation 4","Female","2024-04-14"
8,"Henrietta Bins-Oberbrunner","Casandra85@hotmail.com","$2b$10$xl.JqzVyTRvNsIqc6d81wOJaCM0GLGnfwJNewgExEq1WtM38q6Fl6","Employee","Designation 6","Male","2024-06-26"
9,"Jean Goldner","Ena74@hotmail.com","$2b$10$SeMPfN1.IQ.noPkvapDHveZKx5AlaNQXsy9NDpVOR5it5XmlOahoa","Employee","Designation 6","Male","2024-03-12"
10,"Cathy Okuneva","Noemi23@yahoo.com","$2b$10$3M7GYelvzCjm0gN1Zb6U5O6gQXLlWStapk3Rjp..FWxQFqsIchi3.","Employee","Designation 3","Female","2024-01-04"
11,"Dennis Hudson","Liam.Dickens56@hotmail.com","$2b$10$zbe0GkenvFDQXpSp5swHJ.TWMKexdolsOZlBl/kVIDrdgeDt9c9eO","Employee","Designation 10","Male","2024-02-15"
12,"Anita Mohr","Dixie_Witting@yahoo.com","$2b$10$p5MSmbpPoF/1DImvF9zKRO2I6KJIJXMlURqHE.hXV7LDDABz.LUXG","Employee","Designation 5","Male","2024-03-30"
13,"Jasmine Hyatt","Abner_Abbott@gmail.com","$2b$10$tHLqSpbmZffCIIfhMPKQN.w8jQ6jPsNE6CDa45onNGmCrALQEcrya","Employee","Designation 2","Female","2024-07-24"
14,"Andres Lind Jr.","Regan39@hotmail.com","$2b$10$GhtTApF605vY/p4grCd4PuWKiLB8lvZvObZg8WrDZIF1o34S3Hb1W","Employee","Designation 6","Female","2023-11-17"
15,"Owen Hauck","Trinity_West27@yahoo.com","$2b$10$B2Y.RQtVNhfDKSLIX8qSq.j0YDE.jpq3.D6tk5oHz9LuvXFanGQqm","Employee","Designation 6","Female","2024-01-01"
16,"Marcus Lueilwitz","Jude_Kassulke@hotmail.com","$2b$10$9//aSpGm7BxmD9By1Dc4q.ASVvAgrgWSJaj7KFvqS4sqO.qo3ho62","Employee","Designation 9","Female","2024-09-08"
17,"Miranda Kilback","Arnaldo34@hotmail.com","$2b$10$.CW2W.lOYn/8K5nGgQqNpunSTLMABH1LqJNc5ESrssiJdWIA9L8Pm","Employee","Designation 3","Male","2024-07-11"
18,"Rodolfo Cruickshank III","Octavia65@gmail.com","$2b$10$IeiDvHP../4D/4RT7Tv5UeKlyB9EH2pnpnTus3ik1sCDncjtvCwN2","Employee","Designation 4","Male","2024-07-29"
19,"Mike Hand","Santiago64@hotmail.com","$2b$10$V5S2jHQMmA5qk9ZvCt3VNu8zvVFco1n7yDNltHBYpLk3luEjkAtBq","Employee","Designation 6","Female","2023-12-22"
20,"Wallace Leannon","Zula.Abbott61@yahoo.com","$2b$10$RjVV1jpdOpYZPH2YiF8MyOXjPnMAlDzJ8glKU762wIghwun8VL8aO","Employee","Designation 3","Female","2024-10-01"
21,"Irma Lakin","Gerson85@yahoo.com","$2b$10$vcJmy6ljjAcuJMIKVgvEd.lXtHMnfMyDXjDslxjtDWs8WHm0N8DB2","Employee","Designation 2","Female","2024-02-19"
22,"Lindsey O'Conner","Cortney.Bartoletti@hotmail.com","$2b$10$kvXJ5kGDm/.aXQhG4Mu8EeBhe6/ZspyiYkO9Vj8fkDPPqoDiC5x4m","Employee","Designation 6","Male","2024-03-07"
23,"Dennis Price","Vida_Renner@hotmail.com","$2b$10$8kHrEI25.crw1W34TEED.urK4q23g5yQSD9dLZgVq1Gf2Un55kXg2","Employee","Designation 6","Male","2024-09-04"
24,"Tasha Pollich","Cordelia.Ruecker74@hotmail.com","$2b$10$G8ixYv.UKpjo/A8FkSw34.AdVEyJOcvie2kW/uLWtgmRoRjeoIZ3e","Employee","Designation 6","Male","2024-09-03"
25,"Luke Crist","Lourdes_Beer58@yahoo.com","$2b$10$vk.WwVhxvIOZO3sZku0Qv.us3cUM9Huo.WPlYsjtSAS2q3ujt2PXW","Employee","Designation 5","Male","2024-01-02"
26,"Roberto Towne","Briana.DuBuque12@yahoo.com","$2b$10$3ny8eQfr4Lna.gifMcUtNerVLeT5PwpjOWM2PweeNVRLLVqlIu1V2","Employee","Designation 8","Female","2024-07-24"
27,"Penny Zemlak III","Turner_Witting@gmail.com","$2b$10$4t7C7c/wtZyvAR0/wAgwReIbFpD1EcCNjBEe1l8jF31UiJZdZ6TEK","Employee","Designation 1","Female","2024-01-09"
28,"Ollie Wyman","Gertrude_Cronin87@gmail.com","$2b$10$JrTuTQoBLmDg7igygZV41u8x42idFFwRqTeDH0i4ot1cthk/raqOW","Employee","Designation 7","Male","2024-03-26"
29,"Kent Bogisich","Kara84@gmail.com","$2b$10$VGgesYQLSTtlRL2.Jq4acefxOgoKAdm8XRUOwj00dhDqzhe0YXUcW","Employee","Designation 3","Male","2023-11-29"
30,"Cesar Medhurst","Bernie.Krajcik@yahoo.com","$2b$10$tdXXrIbB2An4J6sTj.J6n.1xc3Kk0LgsHlZ/pdKaeZjOjI6QYEpMu","Employee","Designation 2","Male","2023-11-12"
31,"Ms. Shawna McGlynn","Sonny.Larkin@hotmail.com","$2b$10$IwED1IOrmdcZMeWvaa.lA.FRakrZl1PifdOZyjy0pBOjmxhGoHZxi","Employee","Designation 2","Male","2023-11-01"
32,"Sherri Pouros","Jaydon.Huels@yahoo.com","$2b$10$oGNvNImANslNcuYq2/MRp.dKFbEKsLPzg4MsSOBXMPFMc8cwCv5F2","Employee","Designation 6","Male","2024-04-04"
33,"Donna Baumbach","Chaz_Collier73@hotmail.com","$2b$10$U1ENgn7FALROVPlVioUx/uvheabaU/MKVuPYUf.DDIEN0vS.W6K1.","Employee","Designation 10","Female","2024-07-18"
34,"Adam Schamberger","Arnoldo23@gmail.com","$2b$10$md9FhwX0ZGjKVj6RAsid8e0crurtqWJEvNcnFpIExiXJ8Ox3a55nC","Employee","Designation 3","Female","2024-09-14"
35,"Connie Moen","Lia_Koepp-Stokes39@gmail.com","$2b$10$USHTa4dBPq3ESS9YysOpu.Zc1.wNO475ezfbair2sz4DmAnvKSfi.","Employee","Designation 8","Male","2023-12-01"
36,"Orville Corkery","Josie34@yahoo.com","$2b$10$MAVmlbSt2ydW2mOVFyec7ORcpQmZOoI2g9kaon495t1P730R92iEy","Employee","Designation 7","Female","2024-05-11"
37,"Miss Ann Bauch","Kaci23@hotmail.com","$2b$10$SVs6ExNhcik67V2249uExeIQ90FJE1TzM6qSbcfBquvKvTw.Lz17G","Employee","Designation 5","Male","2024-08-11"
38,"Armando Mosciski","Jay92@yahoo.com","$2b$10$1ArEp2tWTxN8FSShGiB0Au6OSIsZ3xgAb2lML1v9Yyy21M7cCGg5S","Employee","Designation 8","Female","2024-04-23"
39,"Gloria Medhurst","Theresia32@gmail.com","$2b$10$dYvhUdtmSHkbDuiEqaCSmunTAAZdnWxAlOtEtqwH.B2/GySmxnsl6","Employee","Designation 5","Female","2023-11-01"
40,"Ora Christiansen","Daisha96@hotmail.com","$2b$10$h3bQqLE.wvkvzyTtjZRE3.zDhuRG6pSTRl.oE.4ZymYvzlcvf/lb.","Employee","Designation 4","Male","2024-06-29"
41,"Kayla King","Sarina.Becker@hotmail.com","$2b$10$Lz5zVKrvTLpQOwlqdTBpUeCvi1H0dMha0d/v0XWnC./eyhKUHSJd2","Employee","Designation 3","Male","2024-09-13"
42,"Carla Goldner","Zella62@hotmail.com","$2b$10$2bnCdkxzCLItzNq2JvOEpejoeYmg8SsoY40NBQHD9q129wPYd3o2u","Employee","Designation 5","Female","2024-03-24"
43,"Grant Dickinson","Alexzander48@hotmail.com","$2b$10$0qDXpE.Y4mN7haeyUt0aledtWJc9DKRobXSEA0tgUXDoW/yGbrCCa","Employee","Designation 7","Female","2024-01-03"
44,"Rene Hamill","Nathanael_Reichert@gmail.com","$2b$10$I5uO0FPal/ErLN24ytL1e.cjdGrnCjU3HsTj/5OVqNOzNnJywni7y","Employee","Designation 7","Female","2024-04-11"
45,"Caleb Dietrich-Pollich","Benjamin_Lueilwitz@hotmail.com","$2b$10$YAipy2nLuoTVR6PTs904Nu91RPh4MfA5hCiAeOri2sv1/heFYp9Le","Employee","Designation 9","Female","2023-12-20"
46,"Ms. Darlene Schmitt","Justina.Hauck@yahoo.com","$2b$10$odVQERbRJjGRnokxkAixA.wrCxJtkkm4qLCAicZLQlB7uxBorbGIW","Employee","Designation 3","Female","2023-12-07"
47,"Alexis Smith DDS","Sherman_Spencer@hotmail.com","$2b$10$luQO4GuvKveNjLYArJDU9.U13idUCZjvgbk2CDTwWNZPDgQ4idhaa","Employee","Designation 2","Male","2023-11-20"
48,"Jody Homenick","May_Koepp3@gmail.com","$2b$10$WjLOpo//mhbMAZ7HhY7JK.lIbeOh0Y8WOdljVaVC6fd0uovryp/cC","Admin","Designation 7","Female","2024-02-25"
49,"Janie Legros-Mraz","Godfrey_Mueller@hotmail.com","$2b$10$gQUCvGim2mrC1UPj36TSde3OPf3dNuSAwPiHuTmT9rj2Oxwu8Zl6u","Employee","Designation 7","Male","2024-09-28"
50,"Dr. Adrian Greenholt","Shannon93@hotmail.com","$2b$10$JptsV0dlZw4WVi2o3.YC/.yq38Ei4PGbZsobgmQy3fGLsxkozAfCu","Employee","Designation 5","Female","2024-07-01"
51,"Tabitha Doyle","Sylvia_Crist@yahoo.com","$2b$10$cwt2C15wBCB0kh8bC1WjVerY1chymMl3ZUDf/wPSz7tcOLVf8klU2","Employee","Designation 5","Male","2024-03-29"
52,"Leah Powlowski","Una46@yahoo.com","$2b$10$P/rpYpeUttjV6sjO78x7f.TPi/U6ybJKBO/0MkrWKaCbzcTRD9jZ6","Employee","Designation 4","Male","2024-08-01"
53,"Mr. Maurice Hirthe I","Vivian_OConner32@yahoo.com","$2b$10$hgt.oltrxzVuNkN1X84WHuz2Pm8cJKBVvQEHlDeTbr5FJ9gedSVTi","Employee","Designation 9","Male","2024-03-04"
54,"Vivian Becker","Anibal.Mohr84@hotmail.com","$2b$10$AmWjN1kBixFoEmEyLHSo6e1Y8wGKeG7YHle1Xmo/0uf1bPZXCZshK","Employee","Designation 8","Male","2024-02-09"
55,"Felix Mann","Gene_Flatley19@hotmail.com","$2b$10$sk8fqs99l0o46q9X5O/omOy6PheqGI3by7oTB2aPqHEb8Tb8MHm06","Employee","Designation 10","Male","2024-03-07"
56,"Kent Hettinger","Marvin_Ryan8@gmail.com","$2b$10$/lCKq9iUQeDxXiaE7n.43evzUOceyb7FKJpTpyAo.fvhfMH10qGzm","Employee","Designation 3","Male","2024-06-02"
57,"Amber Casper","Eldora72@gmail.com","$2b$10$7Ve3UQH2QfY41yuglBu38ubyiTL6.cTVt9lYw43XBKGChcErMOzKq","Employee","Designation 6","Female","2023-11-20"
58,"Dr. Robin Ernser","Blake62@hotmail.com","$2b$10$dWd/t3fzi2mWHD4aR0mDGOA5fIewocKKE.x/6VatOEEsnTPZIQgja","Employee","Designation 10","Female","2024-03-31"
59,"Miss Teresa Wisozk","Lorine_Torphy@yahoo.com","$2b$10$huNVdEPMVLbtWjk2HYpaSurQyp/lmvDTTPaeXxC0VTPqgKAQ3yFs2","Employee","Designation 2","Male","2024-07-10"
60,"Ms. Ruth Mohr","Josiah.Herzog@hotmail.com","$2b$10$QxDntCIr/SIRp55gLyswsuwkx4z1mmMs54ec7v/4/Nldjbya/U2TW","Employee","Designation 10","Male","2024-02-19"
61,"Karl Larson","Jonathon.Pagac70@gmail.com","$2b$10$qklXQdWthGBMUAhHLQUo2u7Sm.1BOsxXPcjyjroauUxbfNtiCVGsa","Employee","Designation 6","Male","2024-09-23"
62,"Sherman Cremin","Joel.Wolff85@gmail.com","$2b$10$iAAVmjjPrI1L29VJ9J4cEebase8CcOKnNaZCjAdjbp03Ntk6fUDiq","Employee","Designation 5","Male","2023-11-18"
63,"Tammy Kirlin","Kasey_Herzog95@gmail.com","$2b$10$e/ZEbMmnDMbcQVcU9E2lu.fHiTswiOTFkPNcO6.m4iuXoYH.wsQuG","Employee","Designation 3","Male","2024-02-26"
64,"Horace Mante","Jonathan_Walsh@gmail.com","$2b$10$PxzaViB.I18LmKKdWG5rnuMfZZsBXwgDrvn1BTEFqBl8Xe0R6gLZu","Employee","Designation 10","Male","2023-11-16"
65,"Kay Fadel","Darrick.Stark60@hotmail.com","$2b$10$xh97FwnE.s36FqsebEgknuOpG.Rr8a/2FBFx6UC5rX6s/PChIeSjm","Employee","Designation 8","Female","2024-08-29"
66,"Brenda Bechtelar","Sven74@gmail.com","$2b$10$Scm4in619bjU0qJQhsN.buY.GcDEkHguf3SAwzwdJDzcchryQI55W","Employee","Designation 4","Male","2024-10-04"
67,"Jenna Luettgen","Joey22@yahoo.com","$2b$10$juCVzAOUKEcoYXKCdkUaRevnxrvXweaKLlhFaV1WznAKFEAS0276W","Employee","Designation 10","Male","2024-08-19"
68,"Phil Sipes","Jackie36@yahoo.com","$2b$10$z1s.1hgsqYbaNEHYCCkEEeznCH3uzb00fhP8p.mFl.2HumHUpulMu","Employee","Designation 3","Female","2024-08-21"
69,"Mario Hoeger","Norene_Heathcote2@hotmail.com","$2b$10$QsKrRcUbOzyCGIPaShBWu.ITb99eed8MpMe1LUBcLMUccmkPyhLze","Employee","Designation 7","Female","2024-04-16"
70,"Charlotte O'Hara","Ashly_Blanda92@yahoo.com","$2b$10$4TkqLGiqnzfHf0fdYcnnJekkqtT2Y4L3HnVEGonV7/5S1ENGS.1TC","Employee","Designation 1","Female","2024-09-04"
71,"Vera Murray","Devonte.Langosh56@hotmail.com","$2b$10$NaYLiON36LooOfXTxlN2Z.fcVHixFxOZmSXDGo4P4SfLQgkyb6Qee","Employee","Designation 8","Male","2024-01-02"
72,"Jesse Koch","Cristopher90@yahoo.com","$2b$10$A/QDMLWgsR/h5mstgSCznuxJigKwSasGDCPQsjCiOoZ6vO8XrnP2e","Employee","Designation 7","Male","2023-12-27"
73,"Claude Lebsack","Stefan54@gmail.com","$2b$10$fa330rk2HAWv9dDHY/8ZfOtltD7XWYMBsbNbjbv.kXB3.aQA4AZDq","Employee","Designation 4","Male","2024-05-23"
74,"Billie Ebert","Mohamed_Kohler@hotmail.com","$2b$10$zVUx0Ak2DR9RmZSgYkvHI.Q3ZPfxwoOw7vseHP8UOCwY7FjWJzde6","Employee","Designation 3","Female","2024-02-03"
75,"Mr. Elias Koepp","Lavada.Cremin@hotmail.com","$2b$10$JyVRi.kFj259TK7HTvq0guB1Ln/jmbBUUHj8Dg4rhGslMPSdExBFO","Employee","Designation 7","Female","2024-07-25"
76,"Cynthia Stokes","Coralie78@yahoo.com","$2b$10$0czAgBy0aff6Mq5KAT4f0OgKWQrm2wmSw5ICthH/jA2KYMZ8YZ2fC","Employee","Designation 6","Male","2024-06-03"
77,"Nettie Mayert","Estella12@hotmail.com","$2b$10$EW8ik1QfuO5IbvX7dlBubefkyxTQeevOy4k0iej4LlRf2QwvjL5Fu","Employee","Designation 7","Female","2024-01-15"
78,"Stacy Mohr","Alexa.Schaefer@gmail.com","$2b$10$VfvLhqJ9PkrZMtpyM0KiRuQToHghDWdRaFin6FB8rCgiE28KFm7K2","Employee","Designation 4","Female","2024-05-25"
79,"Ruben Hamill","Haylie_Ferry@yahoo.com","$2b$10$YXewU9U.5pspXcunXcrkbuerf55tRCVpXG5ZUbUUXW0UefUMoVh8.","Employee","Designation 6","Male","2024-04-04"
80,"Lucas Predovic","Fletcher.Gottlieb35@hotmail.com","$2b$10$xXxMp721fNu0soH9H5YNWugHI9kxwczRiAzhsOixRAGeh1aXtuDWy","Employee","Designation 7","Male","2024-06-12"
81,"Luther Barton","Harley_Windler@gmail.com","$2b$10$SNoIUOTVrGnYKFkVUKfCCO8IfvnLtFC.wRwmb.0rBJCWj.NeU3MRy","Employee","Designation 3","Male","2024-04-19"
82,"Angelina Walsh","Mable14@hotmail.com","$2b$10$HfpHW6bwgMCVgQ6TsDKcjeJMsPvkAQk/sQunDJdsSiL.5i.Jli/s.","Employee","Designation 2","Female","2024-03-18"
83,"Nicolas Block","Rae69@gmail.com","$2b$10$OLc51NhBY3/e7RqJxQCkluz202GNQ9kimu9oKM8mE8xQ1VECAq0m.","Employee","Designation 1","Female","2024-03-11"
84,"Jeff Green","Irma12@hotmail.com","$2b$10$kpcmG5e2rT7G/YQyYiBWkuVgUS4JDsLU.xsQ97NwCqNsY3j9cdmsG","Employee","Designation 1","Female","2024-06-13"
85,"Estelle Price","Genevieve40@yahoo.com","$2b$10$/0XYPDf3VkGqYG8.CNUS3OIWLUud5YFHDcKdJT0zTzfNwGJJNB42y","Employee","Designation 8","Male","2024-07-01"
86,"Alice Bogisich","Hallie40@yahoo.com","$2b$10$oHqUe/Hifdl3UV9JIrUMEuCqwBE02ZS4KDqzpRXhuYGEC39j.mw8q","Employee","Designation 3","Male","2024-08-08"
87,"Josh Fritsch","Stephen78@gmail.com","$2b$10$CYc64wLz1KVtSQLxgUT6qu6RuIbpDtrHfCS2YT4CcS/V1Gp1/cVAe","Employee","Designation 10","Female","2024-01-05"
88,"Kenneth Grimes","Mollie85@hotmail.com","$2b$10$dom.ZmBYsdTb56CiXB7xx.ilS3BDkM3yLL3zJH8VVU5Mtm0ymncP6","Employee","Designation 5","Female","2024-05-22"
89,"Henrietta Wehner","Adela.McKenzie@hotmail.com","$2b$10$oMEO4vfkH3i8MDbs131fVuLzLw4Gtx8tfh3wPcRfK6pSt7mfRURwO","Employee","Designation 10","Male","2024-05-18"
90,"Brad Gottlieb","Evalyn_Gottlieb@hotmail.com","$2b$10$PweSttk3cSZHVDr9.voO.O0sOfWEZO5R6BDA1.3.boo1rZ7BCSS6m","Employee","Designation 10","Female","2024-05-15"
91,"Leigh Feeney","Chadrick_Hills@yahoo.com","$2b$10$hgBAw/NG1BJ5BbvCDDkLrOihRx1bITRaUFlNcEV1aTxMYYTXgKc9u","Employee","Designation 9","Female","2024-04-29"
92,"Marilyn Feil","Priscilla.Altenwerth58@hotmail.com","$2b$10$crmlRpoVZic3nmVr/fqqb.9gwIBc4y4Kzys0swtllcabyuEO7iIza","Employee","Designation 3","Female","2024-08-26"
93,"Margarita Koch","Freddie3@hotmail.com","$2b$10$quICU7r6xAJJlEmQri..1.G9iHjS0zoCpGKxgdO8xcf35wZRwE7p6","Employee","Designation 10","Male","2024-04-16"
94,"Sherry Balistreri","Euna_Grady72@gmail.com","$2b$10$tJkVDJEzBk1LvuVTd3hjae5qsAg8akS8HI0b67OWshj18WVYuNoQ6","Employee","Designation 5","Male","2024-02-24"
95,"Jason Friesen II","Clotilde_Braun@hotmail.com","$2b$10$uE5PUZ.wOrNr2qYOuHTQK.nN/KJeabgRPL4uVuns1OrEL5Jm1nmAu","Employee","Designation 5","Female","2023-12-02"
96,"Crystal Daniel","Bo.Cronin7@gmail.com","$2b$10$ihe95YmbyEhnSG2spTNhBOV/ZDwkPQkg34Ab6lRinsUIVCp3y.Mc.","Employee","Designation 4","Female","2024-06-05"
97,"Pedro Mertz","Herman38@gmail.com","$2b$10$PDJjNPnKZYCh.qFdX7JyRu4NtjrIWEilIcDA1FDBVTJtp6M8qYzmS","Employee","Designation 2","Male","2024-01-25"
98,"Gabriel Jones","Oscar69@hotmail.com","$2b$10$TA25YdGADsxqE2Be2iEKuOQK3Nt7iyqkKgjNJhdTTBjYnsaibxxIi","Employee","Designation 4","Male","2024-07-29"
99,"Wade Koch III","Hertha98@yahoo.com","$2b$10$3fOl4YtIN2JrwgFfkJWVPuaibQv/FZZUhYIV7ZsRkRYRF5jGMURqq","Employee","Designation 1","Female","2024-08-25"
100,"Rafael Lind Sr.","Lea.Moen@gmail.com","$2b$10$odsTPvtK31DqOakXfJVc.eTq3.rKH7KV76w9jEK114S3PgxiUt/x.","Employee","Designation 6","Female","2024-02-19"
101,"Israel Barrows","Lavinia_Gerhold@yahoo.com","$2b$10$CXZrR93eFTYR85vSRMU3M.KhK4fWpGOz.kj7mFtWccxnducdfIUoq","Employee","Designation 7","Male","2024-06-05"
102,"Leslie Harvey Sr.","Desmond.MacGyver99@hotmail.com","$2b$10$AKNxNld7d/BI2FgzOtuwfO6pC3C8rW/FLVRj6.GRvxo6w0iu0CL3u","Employee","Designation 9","Male","2024-04-10"
103,"Clayton Zemlak DVM","Brionna.Yost6@yahoo.com","$2b$10$97JWkeWfUwIRBKzHgl5gU.Vo19Ntz9CGIpArX/7kTMnCKc24Bsqye","Employee","Designation 5","Male","2024-04-11"
104,"Pauline Little","Mateo55@yahoo.com","$2b$10$8utihP87SZ98NG/elh/6JOh8En4MKt0UfMQZDHcsIKpM6hdxQp4oO","Employee","Designation 4","Male","2024-08-15"
105,"Rose Zboncak","April_Cremin@gmail.com","$2b$10$izLN6uU7IR.FRfH0yu2oYOaoVf0sM9I.XoV0Zl5z1J/v5OsE0D3NK","Employee","Designation 7","Male","2024-07-26"
106,"Phil Sporer","Christop68@gmail.com","$2b$10$2kk63eiWkU28D16W7JCSnOHCcQ8e8zrmSTVFGZYTb9aLGpNNZ2q8u","Employee","Designation 7","Female","2023-10-15"
107,"Dawn Little","Madge.Lemke31@hotmail.com","$2b$10$iN1Wv4vzJb/y6u7cclPq2ONJt2rvBVSTAoSjsfc5OnS4/mDwJwiYy","Employee","Designation 9","Female","2024-03-19"
108,"Dr. Andrew Buckridge","Isac11@yahoo.com","$2b$10$OoBoPHDZTazIRIjHKUM3zO6cs.egtHa31.GBCQVFXnPESVXnJWd0W","Employee","Designation 9","Male","2024-10-02"
109,"Eleanor Heathcote","Haley_Renner50@yahoo.com","$2b$10$5rzsVIPRPkeZ7/c61WeCdO5xB44G7Yt4FW0PyEuVcP03cNhoUb1se","Employee","Designation 10","Male","2023-12-14"
110,"Oliver Sawayn III","Brennan_Steuber@hotmail.com","$2b$10$zOqNOESQ/3NADckt0qegOeLFLVM2.tr8GgA5.6el1AjPZDCjvuqu6","Employee","Designation 5","Male","2024-06-19"
111,"Dr. Archie Bogisich DVM","Margot_Shields57@gmail.com","$2b$10$mQKyUU2yrHg1MoGdy32GuuLTsupsWFQKMSuayvSoR6faxQuD/3z5q","Employee","Designation 5","Male","2023-11-27"
112,"Mrs. Lydia Grady","Alf39@gmail.com","$2b$10$8//kwVy3TW4MFc7tojSPqevhECgpHjJi3OXSv6TmiNcjjxx6vVi5G","Employee","Designation 1","Female","2024-04-11"
113,"Sally Bogisich","Barrett.Mann@hotmail.com","$2b$10$a5IF/FLeVuHIkxc6W3V.zezKcnVQGmvhlab6DmFijzy054NpU7rQe","Employee","Designation 6","Male","2024-03-19"
114,"Michele Fadel","Christopher_Schulist88@hotmail.com","$2b$10$ypdMd6kCB6RMRNo4nPDcne0m1NIIsX.BvhTq7JnRwwzyOVfSC0biK","Employee","Designation 7","Male","2024-10-05"
115,"Veronica Zboncak","Dallin68@gmail.com","$2b$10$28G4v9JwyD9nUQEG1JSfkuzSMYhrbdtCHM/4okBfGVR5wDaVsvW9m","Employee","Designation 3","Male","2024-06-03"
116,"Joel Muller","Golda.Heathcote54@gmail.com","$2b$10$3FqTXtjCoqiqLGFy/6BVwOUIZ3gK0X0eqNW3LbxhgutSLBztMIZoS","Employee","Designation 6","Male","2024-05-15"
117,"Lindsay Mayert","Taylor.Haley-Keeling68@yahoo.com","$2b$10$hYYHA2MUa7avPxUr1su1n.0.l.93J1deB.2Je.ytrMu7MeqDCk7o6","Employee","Designation 3","Male","2024-09-21"
118,"Dr. Gustavo Emmerich","Dorris_Jacobs@hotmail.com","$2b$10$AwjI6e17C1VeOqpLIFamxOT1kopW4eUqlVH1UkYoHResqthCosAd.","Employee","Designation 5","Male","2023-11-26"
119,"Gerardo Brown","Abigail_Weber42@yahoo.com","$2b$10$iXNd1vLbChdy5Gp3nwfchOBEptOxwa5pSBu8UctX8KoeRRcpyfnCq","Employee","Designation 3","Female","2024-10-02"
120,"Dr. Angelica Mante Sr.","Benton75@hotmail.com","$2b$10$sUfzsJF81GflZgfbPWAhtuzNc3TQQr7edyyuSUk3CtLSrlw1o9MuK","Employee","Designation 7","Female","2024-05-29"
121,"Dixie Funk","Beatrice.Hermann86@gmail.com","$2b$10$INQoi.MUqijPNMKM6y1SKe2kR4IsHEviTKSsvLyktcJxel/brUiH2","Employee","Designation 4","Male","2024-07-16"
122,"Roger Schinner","Wilfred.Crooks42@yahoo.com","$2b$10$P.m1S8SwVJ1U.Yg5g6BV2upPfURZp88V9PZnvCUnQ2F0sYkJ0ulke","Employee","Designation 10","Male","2023-11-30"
123,"Darryl Grant","Carrie_Hegmann@hotmail.com","$2b$10$p/aTzgZcZhS4LB1BcvOa5ePEOZEmSGdyMV6IuETbk5jaJktSvLtqC","Employee","Designation 6","Male","2024-02-12"
124,"Mamie Ortiz","Marvin_Lehner15@yahoo.com","$2b$10$T94UoD/m2RWRzWGgmHRjx.ONVVXhVM8F6eOuVtIyyCNpPs7sYAYn.","Employee","Designation 6","Male","2024-07-26"
125,"Robyn Auer","Tobin83@yahoo.com","$2b$10$FVK2M9/3CQQh/Q4x612yGeKjdcuMs6w0FuXrE7gFVJO9QtIpVwelC","Employee","Designation 6","Female","2024-09-06"
126,"Elizabeth Ondricka","Hermann.Labadie62@gmail.com","$2b$10$tJAxxBTU6jwfj1/8wwbaN.F2YNoF.5WTjlajX8PsbC3YRZB.Ilu52","Employee","Designation 10","Male","2024-03-12"
127,"Anne Moore","Lisa_Cronin52@hotmail.com","$2b$10$vexB3fXwULaX2ABrIC1gfeK.wKdCaVu6q0qBXNK0IlxWZlUE7n6uW","Employee","Designation 6","Male","2024-04-28"
128,"Eleanor Stracke","Kallie70@yahoo.com","$2b$10$a1g6mQ1mHYMsi8EcafVD5euFTfyUoXmQTOjzKg0F5yXibEdad0Ktq","Employee","Designation 10","Male","2024-07-06"
129,"Howard Durgan","Gerhard51@gmail.com","$2b$10$F5YpnKeTh2vTVq5vl3DJue6zPSJPJK1Gf.RSCR0GNspRc8g7j6B6y","Employee","Designation 4","Male","2024-01-29"
130,"Andy Leannon","Jalen2@gmail.com","$2b$10$tSdAuj0JnRzY5PnEDmaxVOUm7F86HLS.NKBc1cN1uPoyHefUWyGSq","Employee","Designation 4","Female","2023-11-13"
131,"Pearl Schaden","Joannie0@yahoo.com","$2b$10$bO3rb8Gg/tEr7tmbGnjt5ehSzngg3o21lDOgI9qHf2Xns3jvf92aq","Employee","Designation 8","Female","2024-07-01"
132,"Cedric Zieme","Elwyn.Wilderman86@yahoo.com","$2b$10$yWZPnHGUt2.8VD73pwjM4.VJEn4Sk7d79HUEQkxf9s/qU4WIXPloC","Employee","Designation 5","Male","2024-08-12"
133,"Miss Nina Little","Ashlynn74@yahoo.com","$2b$10$xT63cOtpp4LlaoF.wk4mQuFuT/PeVVwlcRM0mt3ziChRJwQx5FsOW","Employee","Designation 2","Female","2024-02-04"
134,"Alfred Kunde","Adalberto.Ruecker87@gmail.com","$2b$10$mmQmoBCsmlLoQWk1q.ZJ9enQZcnMgDXTtCTJDZMNhmNnoRQeuLjUa","Employee","Designation 1","Female","2024-07-09"
135,"Juana Schuster","Larue.Von@gmail.com","$2b$10$u2Np1EbWDQqwqFfGt3wEUeubhOSJHHqRd7f.Al3.Cx8qgGH8eDazm","Employee","Designation 3","Male","2023-11-12"
136,"Tyrone Gorczany","Heloise.Goyette92@yahoo.com","$2b$10$.zmEntqOasqqlb7gkR3b4.CExOcCHPR2HhAQOJm1pfTtCohDPpH1S","Employee","Designation 8","Male","2024-03-04"
137,"Lamar Littel","Brian_Dach@yahoo.com","$2b$10$DLhvtK3cbtOzLBfFVhR5/.hvERyDIG/BH8UOAaFJVBooYT0u9Xpvm","Employee","Designation 7","Male","2023-11-09"
138,"Dominic Wunsch","Marion_Glover27@hotmail.com","$2b$10$E82Khp3CwqaTPqtd7o1nOO75l22pX8HfzWdyqxt9HOX2WBLeOnEbS","Employee","Designation 6","Female","2023-12-26"
139,"Ms. Melanie Dicki","Rusty.Zieme18@hotmail.com","$2b$10$ZvLP/.v.7RuNdWcaZefF6unV8M0yKqRjB5Z8mPH1/zdQeuZPN.UT.","Employee","Designation 5","Male","2024-06-09"
140,"Kelli Raynor V","Vella_Brekke@gmail.com","$2b$10$ctXXZyrUdFr9Mr8/QpC7wujIfOVJtAEd/tksKnIAMd7YumACHvJ0q","Employee","Designation 1","Male","2024-02-05"
141,"Blake Hamill-Gulgowski Sr.","Evelyn37@yahoo.com","$2b$10$E.HsMDgZ3mEdMIIBMeWryOyZU/T2p9dAYjKQDCow5k81q4P4BjkfO","Employee","Designation 7","Male","2024-02-01"
142,"Jack Gleichner","Cleve87@gmail.com","$2b$10$HatkD6Feh1qjqRQFXWidE.zbY5n1FZjzdQ2vWuxBiG/hK7VsUkDoq","Employee","Designation 6","Female","2024-02-05"
143,"Curtis Mann","Sammy_Schaefer0@yahoo.com","$2b$10$WIohJURXcwMMIYN.nA51z.h9nwiRWPwpZyd62OZTjhgFxddA8i4Te","Employee","Designation 8","Male","2024-05-10"
144,"Dr. Roy Prosacco","Marlen69@hotmail.com","$2b$10$KZyQZIQ0bOQBOQ0bPWlof.7NK8EXTYBvy93GtevqKUfIU8I3lfoui","Admin","Designation 7","Male","2023-10-11"
145,"Chelsea Quigley","Alba.Bailey@hotmail.com","$2b$10$gap1v1rt4wFhzVdVtLHX4uDaDgTmsQTge02ppH.vBg7LnBei5Y3/m","Employee","Designation 10","Female","2024-09-04"
146,"Dr. Santiago Konopelski","Ebony23@hotmail.com","$2b$10$mQ3oC2yWeRXOeGR1n5272ue4Pz87OLzLnVBaepPlFGSwjIByOcPE6","Employee","Designation 9","Male","2024-02-01"
147,"Doyle Bernhard","Shayna_Bradtke@gmail.com","$2b$10$5E9jswCYhMzQrHr8MnFFM.JTu3yNq8tOtFSyFEVWivzHIbKw8L4Qe","Employee","Designation 2","Male","2024-02-23"
148,"Anita Runolfsson","Ronaldo.Schuster-Glover@yahoo.com","$2b$10$/9Kjh3mLgVoJ6XQd28RKD.NZX1JMt6w9M3wy5KS39IDATWrftxIQO","Employee","Designation 2","Female","2024-05-02"
149,"Patsy Sipes","Luther_OConnell99@hotmail.com","$2b$10$jgg76Wziats6I55g/lV2q.zXPzXzavI4aSa6Cg4VttBALztvPanGO","Employee","Designation 7","Female","2024-05-13"
150,"Marie Bergstrom","Rolando.Reichert@hotmail.com","$2b$10$C2/yTeFrrg61U/dgmuXPV.CfwbGwJ2UOJbdxf/VTqUqlHvGP15tey","Employee","Designation 10","Male","2023-11-04"
151,"Kay Hoppe","Darian_Ullrich10@gmail.com","$2b$10$I9Xm6axBhWtnKZ4GT/lqsOlHemtsX62T7nt8I1RgTESOtdIvO15FK","Employee","Designation 2","Male","2023-11-26"
152,"Jackie Hoeger","Miguel.DAmore@yahoo.com","$2b$10$Cad4Og9cxSaVFK39NKlQP.3QfFUIAN6J7D.p8HVMs4ZtcygR3AK5S","Employee","Designation 7","Female","2024-09-22"
153,"Miss Alice Pfeffer","Karolann66@yahoo.com","$2b$10$MzcEFOaWcuTqmTBL3Sw61ehr5LS82mlNyGWr82/tBxb3uDMBw1zni","Employee","Designation 4","Male","2024-03-26"
154,"Edmund Wyman","Dino_Ferry32@yahoo.com","$2b$10$ZwyhjkxDNyTERlbm0vk9BuW8jwiZFFm0hIoP99KUr3iEpVH5chclS","Employee","Designation 6","Male","2024-02-09"
155,"Hope Adams","Floyd87@gmail.com","$2b$10$hs1VFMi7nRTb6YDo9rYtF.OYkQbC0yjFM5wxXpXXobj7o3Oe5jpzC","Employee","Designation 7","Female","2023-11-09"
156,"Lynn Kuvalis","Estefania_Braun73@yahoo.com","$2b$10$4dRKUoFA6iXrVB5jvSyFnePiKcE8xIsgiz9BTEAQzfODCWUn5sX1.","Employee","Designation 5","Male","2024-06-08"
157,"Mr. Ronnie Schneider","Lilyan.Gusikowski@hotmail.com","$2b$10$a0zBPEuPf2V5XokzGco/I.hcm9kgWoeE5nVYsa2FCn.w9H7mqfeWG","Employee","Designation 6","Female","2024-03-27"
158,"Leona Ullrich","Mozelle46@hotmail.com","$2b$10$t8fTaMHCYixdwFpzDiB0LObqN8b29ApLTbQDrkqOl4jjY6V3PHZkG","Employee","Designation 7","Female","2024-01-25"
159,"Cecelia Becker II","Aurelio_Mueller86@yahoo.com","$2b$10$THlD9n3pLyGW1c/0WnNm8OQ5mSFNr1EnOj54PIN2zvm.Mq1tQPM.2","Employee","Designation 10","Male","2024-09-04"
160,"Gail Baumbach","Mollie47@hotmail.com","$2b$10$lk6L/e3X3mw8/ieUeTYug.UGYNXZvcTu39OwUS.uYY0pBOnaPsz0.","Employee","Designation 7","Male","2024-01-02"
161,"Ramon Grady","Ellsworth74@hotmail.com","$2b$10$C6TpfoPB6CCsaBG.JbC3O.SCXvzW15sY58G3wHzo9q9friQotETBS","Employee","Designation 5","Female","2024-02-04"
162,"Rene Lockman I","Gianni_Nader-Koepp@hotmail.com","$2b$10$0ojkUHRYbaFftaJ.42x0i.rDU/JM/DH./P7cNBueT0dITyHbzL3JC","Employee","Designation 6","Female","2024-05-29"
163,"Marshall Morar","Mose19@yahoo.com","$2b$10$orDhAb6gzzgteGk60FMQAOsw4vElpIc/Ij76OwBPuA2Rt/a6CjMaO","Employee","Designation 7","Female","2023-11-21"
164,"Jerald Goyette DVM","Daphnee_Bergstrom@gmail.com","$2b$10$.MNZE2MNr6UZnFY6PZ.e/.UNc/4e3fjbrazofu0WKdasQIAFA6hay","Employee","Designation 8","Male","2023-11-27"
165,"Laura O'Hara","Vernie6@yahoo.com","$2b$10$nP4eXYQbfLEmp7oUslV5eO5x446S7DJWxPthq/sOY54V/n7CRG4E.","Employee","Designation 9","Male","2024-06-21"
166,"Mercedes Huel-Maggio","Devan85@yahoo.com","$2b$10$WzgOiKgmx2.l8kv4yU9q6O4J/2lXUkN/9I1Ni0bPdBJWhe55UaccS","Employee","Designation 6","Male","2024-06-19"
167,"Linda Pouros","Guillermo36@yahoo.com","$2b$10$XRPLhfMw6BQgOwc9eq3wKO/asiYSxjSXYeS8LSTzLmfZLfIySC/XO","Employee","Designation 8","Female","2024-07-11"
168,"Dominic Block","Fleta.Satterfield15@gmail.com","$2b$10$L2gk0bwJGLJKPnMqaPOXQuAARpfEOVc/jklpritlS3TiIqKTfkfpS","Employee","Designation 1","Female","2023-12-24"
169,"Bill Stehr","Miracle98@gmail.com","$2b$10$lfIL5p7cFa53NetQzIlZdOAcEueKa2mRDHRR96yTZlchFxDpeRVlu","Employee","Designation 8","Female","2024-07-23"
170,"Gilbert Donnelly","Jeffrey_Ebert44@hotmail.com","$2b$10$gk2sht6M8txSlSVsAMWFqelzxzEN8QjlNj9rXoAYFBO4PumSEf1nS","Employee","Designation 7","Male","2024-04-05"
171,"Craig O'Conner","Nico.Hauck14@yahoo.com","$2b$10$wbxFdR7EzFRZoTCOoCnAYuceh6SKGXG3Xi9MDedGcJCeDcbdktHbS","Employee","Designation 2","Female","2024-01-24"
172,"Agnes Johnson","Zackary30@yahoo.com","$2b$10$fSzSMm4VS3VMl75s06KxKesXSe6z6DxzYCCF4JMuraNRBnJkx1GnG","Employee","Designation 4","Male","2023-11-07"
173,"Bennie Friesen","Victor.Haag31@yahoo.com","$2b$10$IYYsXi3ftnBHRN6PzCh./O7N.W2wHOflMkPwpFpl74l3rBZgZ1xOy","Employee","Designation 9","Male","2024-08-04"
174,"Josefina Nicolas","Adriana_Rau82@hotmail.com","$2b$10$L/pjwGEx/LS99ogL2KPn8OkpoWdlQMcVJzJ6jwoAfXpbpivwxvV8.","Employee","Designation 6","Female","2024-10-04"
175,"Lola Bednar","Judge.Rodriguez17@yahoo.com","$2b$10$4FWEBtLzw4dgJ65.jlIbl.NL0J3savLSZwNW0s9hVZFrqsxkyrMRm","Employee","Designation 3","Female","2024-08-12"
176,"Dave Wilderman","Carlotta_Legros@yahoo.com","$2b$10$JBXx07I7t4tAL.Pg60R3/etVLB1KNwuibFrP7yGhJuwnXk67FE71e","Employee","Designation 10","Female","2024-03-20"
177,"Billie Wolf","Heath20@hotmail.com","$2b$10$.XCRoaMFDdSB1oh9OsJovunCH0UyPMFHRwA84ry9MrYiAV0LBBOUa","Employee","Designation 5","Male","2024-02-07"
178,"George Pfannerstill","Kip98@gmail.com","$2b$10$pSH3V5BhcCUVsIcEA4YLN.aWFdK8qlfp1KBsu/2nYlXR2oaCRHrHO","Employee","Designation 9","Female","2024-01-14"
179,"Domingo Roberts","Cassie.Armstrong@yahoo.com","$2b$10$4dh30HCjOour84wNCF.pyOcYLWp/zyQCMvSrReyg6TjN8h0r9LElC","Employee","Designation 6","Male","2024-05-02"
180,"Cary Waters","Johnson_Watsica@hotmail.com","$2b$10$EijrsUAS.07UIrgEypYHNugdSF/QF4X9bXc9xfM1T7xOEFLByQQMq","Employee","Designation 3","Female","2024-04-03"
181,"Brian Steuber","Yadira51@hotmail.com","$2b$10$wWvyg/ab0h9/Cyw3qnHhu.wWB4326O/yAr/S90tYW4dI0cFDlKVYK","Employee","Designation 4","Male","2024-09-13"
182,"Mrs. Danielle Zulauf III","Nelson40@hotmail.com","$2b$10$Pb.nGMRnQtj8w6RvibzMouTBo/MTiQ8hHeUwwwXJ0KhsZkc7.Pvrq","Employee","Designation 9","Female","2024-04-18"
183,"Claude Bahringer","Faye.Armstrong87@yahoo.com","$2b$10$Q6FGBlwCc88pnOnv3rIzaOtKgnMQIn5VtiepO33EmVNa0GScLaxjS","Employee","Designation 8","Female","2024-09-18"
184,"Hope Brakus","Quinten33@yahoo.com","$2b$10$WLW/SNzvZM4jk0bBLnagvuVDq8krGUtvItulUhXr3GSx46kQUp172","Employee","Designation 5","Male","2024-03-31"
185,"Irving Kling","Bulah79@hotmail.com","$2b$10$Z5TxkjZHnYUohZyx2o5EZeQIXMbD53eCq6igug/PEkLhSahym8UGm","Employee","Designation 3","Female","2024-08-13"
186,"Kellie Pacocha","Flavio_Hyatt@gmail.com","$2b$10$/ZOVpoMC9L4UgK4S.Ya9W.jsPerCjhC6m7Xd5GZDwb8EsLv.AChzm","Employee","Designation 3","Male","2023-12-01"
187,"Sarah Douglas-O'Keefe","Jackeline85@yahoo.com","$2b$10$PUBiNQDj.s0Qx8MkfReSfuISQUbsZ2AZGyh2cEN6YJlVEGOq0Qjge","Employee","Designation 10","Female","2024-01-17"
188,"Kathleen Corwin-Konopelski","Quincy58@hotmail.com","$2b$10$JJQaxFSyQFyKujLh0DAmtup1PIV0qY6KCE/kwHN2BIQGy0NP.Q4HS","Employee","Designation 9","Female","2024-04-18"
189,"Robin Schuster","Angelita.Vandervort66@hotmail.com","$2b$10$3VPnmYUEh7DEoX5Y5coOBOSMOOjcjBXhIlMjlirKl8ZeOHa4l3TqO","Employee","Designation 7","Female","2024-07-23"
190,"Katie Durgan","Toni.Weimann@hotmail.com","$2b$10$iMloVnMckMrHpCiYXtTTGuwskdrHAOmvQWuKaQfQU70T5ajm1dMr2","Employee","Designation 9","Female","2024-04-19"
191,"Hugo Hilpert","Joany73@yahoo.com","$2b$10$F0v3seTmFqMKWXqS2CoLoOc7Qigu/mSQxxWR7zOAcz84hxg9cYeWy","Employee","Designation 10","Male","2024-02-27"
192,"Ginger Schmitt Sr.","Alessandro11@yahoo.com","$2b$10$ADAMdpm2xUEZnB/VgU6qQ.oA.0ZTI3kOsFSrE7zq5CS0/SWpMrXS.","Employee","Designation 5","Female","2024-04-02"
193,"Steven Bogan","Lonie86@yahoo.com","$2b$10$F0gbYA18qR2DCHYFmg5gheiO5Y4wpt3FXMvoYlHyeUU.R1paKepVG","Employee","Designation 4","Male","2024-04-27"
194,"Mrs. Charlene Ritchie","Kory.Bernhard14@yahoo.com","$2b$10$y/qGwY2lm3Ukx3vsW7T6auxnGLxZXr.lEyy8HNbGi2dmTeyd.eVB2","Employee","Designation 10","Male","2024-03-29"
195,"Mrs. Diane Lakin","Howard_Little86@hotmail.com","$2b$10$Ps0KHMlus.YkFZ/R82BtdOmAzNP2Qx6k5geKCCyEvOlWpA1HFUlHe","Employee","Designation 5","Male","2023-12-16"
196,"Dr. Phil Ruecker","Zechariah9@hotmail.com","$2b$10$GHaBSfafi.DhfWBsoSdLaedUhClMPJeDSsel7jWf4Y0ycUD6TSyy6","Employee","Designation 6","Female","2024-08-19"
197,"Randy Nolan","Kaley.Thiel65@hotmail.com","$2b$10$K/gfxfOg8VToIUOhjVF0He42bKCGbs49Ci6FpwKbl.oW3Kx5jrPvy","Employee","Designation 5","Male","2024-07-17"
198,"Rufus Turner","Triston_Cruickshank89@hotmail.com","$2b$10$Wz9U/vtYL.r.ERWSXlmnKOhRyp0hEe6CPqjMmsmwvseUaLIoL3Tb6","Employee","Designation 6","Female","2024-03-19"
199,"Meredith Feil DVM","Lorenz3@gmail.com","$2b$10$sxZwANfifD0oodWit6w4U.fWpf.4y9Qoecr4.R3TKHkIxOEicM07O","Employee","Designation 2","Male","2024-06-27"
200,"Teri Kling","Anne.Treutel29@gmail.com","$2b$10$G15ht2eAqi9JNRlzkXPCHelW1eoqHlzyAEAFeGrT9LVCxdxfyzule","Employee","Designation 9","Female","2024-08-03"
201,"Angel Leannon II","Reyes_Leuschke27@hotmail.com","$2b$10$GY12625tE/jMVUhNEPoWAeeBh.grpXzCUCgyEYXXEBYz8raXyh/ry","Employee","Designation 4","Male","2024-03-07"
202,"Arlene Schultz","Mabel42@gmail.com","$2b$10$5/uAqCOF9mMaI17v3Dxr0eyk/R1Aks3a2Fze5bV4kwUimEGXzfNZq","Employee","Designation 2","Male","2024-06-27"
203,"Timothy Blanda","Nikko.Bartoletti94@gmail.com","$2b$10$ud2WYajZKtez/YfpgtX9O..vBqZerLaIYi5bxDA4cIqrJdTe95Qmy","Employee","Designation 3","Male","2024-01-08"
204,"Owen Pfannerstill II","Denis8@yahoo.com","$2b$10$sf4.mwPJnNMqOmYWpTSo.eQjwl5GIPPmS3ESybmV5L3ezXrcMJxUG","Employee","Designation 1","Male","2024-06-30"
205,"Carlton Luettgen","Nicholaus.Buckridge55@gmail.com","$2b$10$PjOWVL4iGahA9QiL5IxiTePgQ6NlmRX/YT8ScVmYcWzK1Oc4CawDO","Employee","Designation 5","Male","2023-11-30"
206,"Scott Rutherford","Nathanial_Bruen@hotmail.com","$2b$10$mn8xoXBUjxiphl.rUNJWmOrFIdeOFSFMjokQ2PqzsVZxkrbCNmrjS","Employee","Designation 10","Male","2023-12-20"
207,"Miss Jo Heaney","Chaim.Stark85@hotmail.com","$2b$10$/pfUHQ3w9kQ7hBMaRjrgLuncchD7XB.BC8LMpEiKGVGDrsWA3NSPG","Employee","Designation 6","Female","2024-07-24"
208,"Nathan Heidenreich","Kaleb8@yahoo.com","$2b$10$Sj5K3GbvtGLSdyPvM1Lw9.dEPW9oqLLAG8f0i7UivIetmkh2YXhuO","Employee","Designation 2","Female","2024-09-16"
209,"Rolando Ryan","Eulalia.Dietrich@gmail.com","$2b$10$zL/lxRkz6BjHghZ8k3./KetGCMcdVOoIZR3Sc.fLUc6XmxN1SMUJ6","Employee","Designation 10","Male","2024-06-13"
210,"Guadalupe Willms","Kraig.Ankunding@yahoo.com","$2b$10$UJuAyhgrwkQSzZumtR/v0.jnFqa1d8bSIYNmzF.3KMH1CGvvnyPkW","Employee","Designation 2","Male","2024-06-05"
211,"Lewis Bergnaum","Maida_Nader@gmail.com","$2b$10$42dvG5l0FU01fDq0bZDM1upnxbBkgtvPmV/WHyW2g.dQS33yHqHlO","Employee","Designation 3","Male","2024-04-11"
212,"Gregory Prosacco","Blake_Johnston64@gmail.com","$2b$10$dbOmfkj5lhQ6z/Xw0lYayu5qU5d/BuZ18CLK9UXAPGRgdwVFCA4Lq","Employee","Designation 3","Female","2024-08-02"
213,"Miss Jackie Anderson","Jazmyne.Boyle63@gmail.com","$2b$10$2WWGv.3NU9vP8UYgy1fpYO9..JHA/2ulBM2JkdLYEhEJxaYLQ3u1m","Employee","Designation 9","Male","2024-07-26"
214,"Marcia Hand","Raquel_Rosenbaum@gmail.com","$2b$10$Gsgu7g/T4pFm1yIhRf4d1OPh4/rNoYgS4PQOWdNPa4fRIBVOeXs96","Employee","Designation 2","Female","2024-02-20"
215,"Robin Walsh I","Dangelo_Franecki62@yahoo.com","$2b$10$KDjNydf8yaFsQmUKN8DJE.LT80uVuryiYLXYY4JL8fbjGq.kXhDAy","Employee","Designation 8","Male","2024-07-08"
216,"Dan Lowe","Lily_VonRueden12@gmail.com","$2b$10$2d8bZE4kARXM9YbofB4wDujrKhs0UdAzxQ1f/XFWHibwqsNjWkfZK","Employee","Designation 10","Female","2024-04-14"
217,"Alicia Bayer","Eino_Wuckert@gmail.com","$2b$10$WLSPQMpUEVZboI3/l7oO9.f./0lwuL.MgnQQPnvOrYFXIt4NxfvBy","Employee","Designation 8","Female","2024-02-13"
218,"Jenny Towne","Lula.Macejkovic95@hotmail.com","$2b$10$IvNCIloJQVN7ITa47Tlqn.NW4b3wFBe/jV9Chs1oHWiiaB..6OdQW","Employee","Designation 7","Female","2024-01-12"
219,"Dr. Traci Labadie","Zula.Hartmann@hotmail.com","$2b$10$sUl5pqwj3U6DNEygHXFJvePibhXjSZEopvKTnGFsD6O69jmgZpSc.","Employee","Designation 7","Female","2024-04-15"
220,"Kim Doyle","Robyn.Barton@hotmail.com","$2b$10$MWPfFM8syU9Pld85SLaLJuf49tFC9ZdLqawqzKCRLr4I5KnygvImy","Employee","Designation 7","Female","2024-07-06"
221,"Byron Goodwin","Phoebe_Berge15@gmail.com","$2b$10$uL/xSJ6yvPOORrgQYAJjme/z4Huj.zlnOEEoVijwDNGslCsSbq8I6","Employee","Designation 1","Male","2024-04-21"
222,"Mathew Hilll","Daniella_Gerlach60@yahoo.com","$2b$10$mR90l2U6U8.MO1HbshZxROw.vR.grbK1ZMaP275nxbGZh2SSJLdvi","Employee","Designation 9","Female","2024-01-01"
223,"Norma Kulas","Reed_Stracke75@hotmail.com","$2b$10$bEalKqxiMjDjeat9eTMiOemBH5ZtFarmLYSBeQb8ci5h8L3MVbg06","Employee","Designation 1","Male","2023-12-11"
224,"Laverne VonRueden MD","Ned.Walter@gmail.com","$2b$10$Wa6DcWrfqOmGnlhrYSbuquqNq3jAPAXH1xqTokbQFeHofEIv78SZq","Employee","Designation 3","Female","2023-12-06"
225,"Ernest Hegmann","Camron.Crist@yahoo.com","$2b$10$FrV8mCziOatL1ymd3RjrxeD6r4xAzKCrKRT6AEOiDqpzyxyp2s5Im","Employee","Designation 10","Female","2024-02-13"
226,"Clara Conroy","Maxine81@gmail.com","$2b$10$lB.jcx43r5LPExI275uFR.uazRm3nCg6yF9qqcJM50QrKgeu0kRDu","Employee","Designation 1","Male","2024-05-06"
227,"Sherry Heller","Dorris_Feest67@gmail.com","$2b$10$KojhxdfvaUwyaGR81F.yxOOEK4fKZVuJiN0OsI2QOFgCTGW6sw2ta","Employee","Designation 5","Female","2024-05-18"
228,"Glen Franecki","Molly80@hotmail.com","$2b$10$J/N9rUCoDM4j88sApNa5UeHqahIk/1.k3bMGuG3dGZGXNu6UxHR5K","Employee","Designation 2","Female","2024-05-23"
229,"Dr. Hector Johns","Elvis.Hahn@yahoo.com","$2b$10$DNulWJAFOFUMD.keuXulfepr9xU2NCc4M7V2QY2TbgimEEZRjrBqq","Employee","Designation 3","Male","2024-01-03"
230,"Mrs. Virginia Crist PhD","Jorge.Cruickshank@yahoo.com","$2b$10$VK0F4u28UIo7wigfZzsDieApQKSTjplSSW6olp52CNul.rBLAK0H2","Employee","Designation 5","Male","2024-06-17"
231,"Van Schmidt I","Domenica7@yahoo.com","$2b$10$eve2sEzx6qeKilGvCk0BwemAdg.AuZfOzH9LknwDb62Jkj/sRxnnW","Employee","Designation 3","Male","2024-08-27"
232,"Fred Ferry Sr.","Charity.Jast@gmail.com","$2b$10$ZaNCYzUw.qOah/mmtAgA1eQ3exeOSNnAqglaAEsxHiZOA1q41shii","Employee","Designation 6","Male","2024-08-05"
233,"Dorothy Conn DDS","Lowell.Marvin@yahoo.com","$2b$10$CFk.6/NkT7d/uumeG2JDOesYMs0MRC8dNvKDT6fWY59zDl6EdtEUa","Employee","Designation 1","Female","2024-08-24"
234,"Mae Kuhic","Lamar_Jast@yahoo.com","$2b$10$Rl9fvWKDuFCqMHJ1KbuLzOHVQeZ/AFHiBSXKNjBPoTTSOthKXBfwu","Admin","Designation 4","Female","2023-10-12"
235,"Miriam Christiansen","Macey.Nicolas65@yahoo.com","$2b$10$CRIsJahuzTxzvOZpSa8lIuy3hFEo/2puOOy4IDhWCburOB7bH7/OS","Employee","Designation 10","Male","2024-02-01"
236,"Jeanne Lueilwitz","Andreanne.Steuber@hotmail.com","$2b$10$uSyAd61uPnQo.Ly2j.3NQ.hOy7sv86jRDjTrp9GQl7De.eKWGoHXu","Employee","Designation 4","Male","2024-08-03"
237,"Hubert Stanton","Laila_Mayert40@hotmail.com","$2b$10$pSLgknULpzB.OsZYsboExuOYfFWiAAqOb1uEnya3Ip6zy2fZ6LKs.","Employee","Designation 10","Male","2023-12-31"
238,"Greg Gerhold","Frida74@yahoo.com","$2b$10$QotZgMZAStw9YqxYS4aa4OEe7.ahNHzCzmsFVYybLvCnePZrX1gOC","Employee","Designation 8","Female","2023-10-24"
239,"Miriam Prosacco","Gavin.Dibbert@hotmail.com","$2b$10$1PMgdjD042uTwIqFc0LMCe1mrfIgzlK4bzQuMo/3Wnv7eUgpE1X/C","Employee","Designation 9","Male","2023-10-30"
240,"Shawn Kerluke","Kaden_Stamm@gmail.com","$2b$10$uJnbrLWsojetE2BOrnMOROXMKYjhlyaf7zpvNDOS5VA2SYD/pV8J.","Employee","Designation 8","Female","2024-03-16"
241,"Rick Stracke","Alford38@yahoo.com","$2b$10$yWZ3T3StcCGRo4wF3L8kfOaKJBsUwUTMcBAE.9BkXjtsUlqPcpW4.","Employee","Designation 2","Female","2024-09-12"
242,"Enrique Wunsch","Bette91@gmail.com","$2b$10$nO9o4eMEr3OrVYw7IHHGwuVl/5hYqHVRjSiskfFtsTFJeu6g4KQ4C","Employee","Designation 9","Male","2024-08-23"
243,"Allen Stehr III","Junius58@hotmail.com","$2b$10$hhpQq/z01G4gQCgid7PSf.vjY2EyRFFwnCbR2/ZQvMfTF6PWHoTD.","Employee","Designation 8","Male","2024-03-10"
244,"Alexander Aufderhar","Wallace.Schiller@gmail.com","$2b$10$lNiFVPv0fywT071uV6Uk3ODLKqVDllqwd/PKZ92XALh3LhMyfA4X6","Employee","Designation 8","Female","2024-01-26"
245,"Ashley Yost","Travon.Gulgowski@hotmail.com","$2b$10$IJT0bQ1shZsL66B.JRjRzeMpsurc2seZXPWQtkEgHzzxf/Pu0JBq2","Employee","Designation 8","Male","2024-06-22"
246,"Kayla Marquardt","Felipa_Lowe@gmail.com","$2b$10$1s9hSoSnZqiGynCVVKhSq.KA29gpx2HPG1EFRwxQAuSNqjfq15RZ.","Employee","Designation 6","Female","2023-11-11"
247,"Freddie Runte","Kyler28@gmail.com","$2b$10$sVs4nfS7Ry5Lby6ruKT4Z..kjUozQ2EcRwGk.bfw5mzkNgbBPS4g.","Employee","Designation 9","Female","2024-03-02"
248,"Mrs. Jennie Ferry","Douglas_Greenfelder@yahoo.com","$2b$10$p2uYywPxh2AjREH.6kQHeOS7eh73.HlCzr29lHdILpppQaSf437IC","Employee","Designation 6","Male","2024-06-28"
249,"Mark Gleichner","Rosanna.Sipes@yahoo.com","$2b$10$mpvEGNsZRaqKLfIkpM9WHusdDnLQCe.1gW2tl8mGDPA4vzvQF07L2","Employee","Designation 5","Female","2023-11-25"
250,"Dr. Wm Kozey","Leopoldo.Casper@yahoo.com","$2b$10$.SUC/JyftyVtvWpzvDbAAuuDd3CnP4VQX.UwcQ79RtpcgQxDvRL0G","Employee","Designation 7","Female","2024-09-20"
251,"Johnnie Powlowski","Lyda69@yahoo.com","$2b$10$Az1uTT5iFTLDDsfT4zFrEehpzMVfC9Jefj6IZXL53iDwheivfzMgm","Employee","Designation 9","Female","2024-08-03"
252,"Floyd Funk","Glennie13@gmail.com","$2b$10$MqB229JRlXl5tl9EcfZ11eMVZIHJ/ySu2O4mYvr6cy5o6/uS2bHby","Employee","Designation 8","Female","2024-04-27"
253,"Doreen Brakus","Wilber31@hotmail.com","$2b$10$YqMHZhWPlyu/bwczI9Yk.e4jHkCOAkLz7yH2WOjA/iP2WAaLFRVaW","Employee","Designation 3","Female","2024-03-04"
254,"Nick Lubowitz","Emilia_Marquardt@hotmail.com","$2b$10$fm9nbpf.50i7/J5f3xynh.zavu6SVSwCdHLrdhyVrS4FxeLTfi3QK","Employee","Designation 4","Female","2024-01-18"
255,"Manuel Parisian","Neal_Lind27@yahoo.com","$2b$10$8AWMQE43pHW814UX53USV.K2OwRaNM6Ntmf8uXShNTjdwbacfjolC","Employee","Designation 4","Female","2024-04-18"
256,"Mrs. Tracey Kling","Kira17@gmail.com","$2b$10$Kg4I.0GiKiFbvhF/ELJuqea1UeGa9BYcfyBninN5Rzpp785pMbi9K","Employee","Designation 1","Male","2023-12-25"
257,"Shaun Yundt-Gibson Sr.","Ford_Quitzon53@yahoo.com","$2b$10$TfxskBQbZWg.ruShUQMNPOsdwuv/Ktnjew9kzZhma2KR1jt5kgI5S","Employee","Designation 9","Female","2024-02-15"
258,"Lucia White","Polly_Cremin@gmail.com","$2b$10$PwLYYzdPbFYFH40Lki8AZOzlkWL7ze5PCTjGTLn1RUp1yleIpCOya","Employee","Designation 8","Male","2024-07-04"
259,"Bertha Bartell","Eloise_Williamson88@gmail.com","$2b$10$KmucRQlLZJXkTeJQmERQ6ebE7BTtfuLciPQYAIlzOja7A0nu.s5xK","Employee","Designation 7","Female","2024-04-08"
260,"Kathleen Collier-Keebler","Marietta.Wolf70@hotmail.com","$2b$10$KT2qdbFkb9UXCuaPWbdb7ev6UgUmttib0MLtZQ9mWUzDVEyeEzQmm","Employee","Designation 8","Male","2024-03-19"
261,"Wm MacGyver","Dimitri83@gmail.com","$2b$10$083GukDimuczRYIm7fa3ROhPCo0X7mpNccQbHq9zn6bjo3ZtpYvI2","Employee","Designation 10","Female","2024-02-01"
262,"Darin Kuhn","Deshaun0@hotmail.com","$2b$10$suGW7iSDdZzMEldaNXB.aOCLGesJpX7Ds3/I5RijArYqz9IoYjzr2","Employee","Designation 7","Female","2024-05-29"
263,"Kristine Dicki","Ron.Russel32@yahoo.com","$2b$10$/PsOkZNG6rwhRdNOk3xRoOa8qeb0HvTl65aid./VbI99qIZOZAbKS","Employee","Designation 8","Female","2024-01-09"
264,"Evan Schulist","Lilla28@hotmail.com","$2b$10$KBimjYuOatNSackiliKsJOglFazPfRse7NPlYpZhkgp3ug/dUhFAK","Employee","Designation 9","Male","2023-10-14"
265,"Mrs. Tanya Becker","Hoyt_Brown@yahoo.com","$2b$10$SUDBhsBB/K5lYn2L40SbKe1bvZQzUYG6bovzXiCK2/3.ax9z5iJAG","Employee","Designation 4","Male","2023-12-21"
266,"Jeremiah Kohler","Santino.Bernier@hotmail.com","$2b$10$0fY2jevD/Pwsg8hx/xYdK.oiK3.Z1fy7/.z2hQbHPNve2oGpoeFj2","Employee","Designation 8","Female","2023-11-22"
267,"Marian Marks","Raheem_Purdy@gmail.com","$2b$10$8eByYbclQrzas.8bkgG0guAgCmI3A4oeawOWkXDo/TekQAthqt/FW","Employee","Designation 6","Male","2024-06-01"
268,"Paulette Kilback Sr.","Emma_Medhurst@gmail.com","$2b$10$EM0ak8d6gk0rz3zrgbMnbuUfLeq/dMb4yVIYjrntAbhvR5WbHTAYa","Employee","Designation 4","Male","2024-08-20"
269,"Steve Smith","Nedra68@gmail.com","$2b$10$668XhJ15/DrYMxRgJ6qt6unm1Tq8uXfAYYIoRX0dC/Li7c74.hUYu","Employee","Designation 1","Male","2024-05-09"
270,"Christina Jast","Audie.Macejkovic@yahoo.com","$2b$10$bdWBSqt9lMRGlJ0czp93xuVvikmvm3AsfLQGptI/P07OyCttJMjuq","Employee","Designation 1","Male","2024-08-25"
271,"Lindsey Huel Sr.","Adella94@yahoo.com","$2b$10$y/BDs93megaucii45v4tfeuFZMw1dTz3daLHYWPfAS48JYBaH/8hm","Employee","Designation 7","Female","2024-07-17"
272,"Tommie Armstrong IV","Edward11@gmail.com","$2b$10$wcgGUpGgAvL7Msp.VnD3z.ySZbXUgegYB2..D0uP5OpaKGvH.a5I6","Employee","Designation 4","Female","2024-08-21"
273,"Woodrow Dach","Willy.Denesik@hotmail.com","$2b$10$r7mFlj7oJ7fIpoGZCKn1D.N3GHCf2SExJ/30VfxbOOqf1cYDEy5UK","Employee","Designation 3","Male","2024-08-27"
274,"Mr. Jordan Ward","Rosa.Prohaska99@gmail.com","$2b$10$jR.HHnjYd/UJRaPHHzGktOEsB8YNiWLyG0mrjccBQwPeSdO5ImKm6","Employee","Designation 5","Female","2024-08-19"
275,"Casey Romaguera Sr.","Harmony_Mraz44@yahoo.com","$2b$10$KrorT3cbPhH/GfnVx47y7OMOX3Xat2GK4gx9v5FwRr7yo8dVJLT1.","Employee","Designation 7","Female","2024-03-14"
276,"Rodolfo Medhurst","Ellis.MacGyver@hotmail.com","$2b$10$1NuA8FxPkEK6UGWN1rp8m.FS0Hmc5s.yVCB/EqSvxPFGkgI7QGdDm","Employee","Designation 1","Female","2024-04-10"
277,"Estelle Howell","Leta.Quitzon34@yahoo.com","$2b$10$bjAUZHr2t9JL9iySEBb0De55WFIWYZ0eBRUDeLfKZ4QkfnAmDqL8i","Employee","Designation 5","Male","2024-01-29"
278,"Mr. Jessie Abernathy","Nikolas25@gmail.com","$2b$10$Kk/ivsvKjMKKO9OXTexcN.BUOUQsTZlhs/V1CyyDdkBz9hJKa9KUi","Employee","Designation 1","Male","2024-09-10"
279,"Jamie Jerde","Jacky40@yahoo.com","$2b$10$J3Xa7ef2MEduM258aURdzeDfrgUzeclxYS0FGWQG3.5Q2v.GkV4d.","Employee","Designation 2","Male","2024-08-13"
280,"Grady Hermiston","Reed_Beatty-Lynch@hotmail.com","$2b$10$rFaC5E4Un/uhyHVWmb6ioeCby7I93pBh4mxKbJuA2LBvTsCzUVJQC","Employee","Designation 4","Female","2023-11-25"
281,"Herman Crist","Andres_Wintheiser@gmail.com","$2b$10$5zL/.2ArSS0gbBIcZpg/QeESSaEiKe7F9NBSpcF6BhI5Q5LnSTX/a","Employee","Designation 1","Male","2024-05-04"
282,"Chad Larson","Lucy_Tremblay@hotmail.com","$2b$10$tdH5ZjdV2bW6/IKl8LbGqeP1VYKT3aHmhTqA8QkUmRBoVnBBGubpO","Admin","Designation 4","Male","2024-06-29"
283,"Joel Wilkinson","Marjolaine_Douglas54@yahoo.com","$2b$10$l9GesSS1LgIA3BhwT28bM.rZWqOteGqCF2PJZHhChxrKWTaiUkWbK","Employee","Designation 4","Female","2024-08-03"
284,"Carrie Blanda","Pinkie73@gmail.com","$2b$10$1QuheyMeiMx3idCemQ1F9OMm1cmrcQIAzK0VXIwYGE8ZP2/pS66WK","Employee","Designation 3","Male","2023-10-19"
285,"Sammy Lakin","Verna.Mayer30@yahoo.com","$2b$10$h135GPxwbp6xHxFBlXhzuuHD5dM8xpgbpFBc1EWN6j84tVDNq5PJW","Employee","Designation 4","Female","2024-01-09"
286,"Oscar Ruecker-Klein","Serena66@gmail.com","$2b$10$sFPzt3pNEC2/YZLheWuxJu92QpmkrRUjPokSlgQReTI6ah3WPHyki","Employee","Designation 10","Female","2023-10-26"
287,"Matt Nolan","Dave.Gutmann10@hotmail.com","$2b$10$yl601IC7Z1EsncIQK1jJi.UuKEjCmpH47mczn3tYiQPJbjPVVEmb6","Employee","Designation 2","Female","2024-09-20"
288,"Javier Gutkowski","Nicola.Langosh-Vandervort@hotmail.com","$2b$10$jiMoyRMUlkAMWi1FNmr3NeqaImudzRwBxyKimiBZdns5j7HuFLxvG","Employee","Designation 5","Female","2024-09-04"
289,"Tracy Ankunding V","Horacio.Farrell49@gmail.com","$2b$10$HevVBy0tjrewSfBmxaAjzOjZz3MNLTA0fJTxpiE9sRiRFeJhdHRo2","Employee","Designation 7","Female","2023-11-22"
290,"Pam Watsica","Tre35@gmail.com","$2b$10$i0Rdst5jdZvtetlNbaBA6.Xh/Y4iRcpakiYcN8rlIYZAZIFMV9w3G","Employee","Designation 4","Female","2024-03-13"
291,"Ivan Emard","Melvin_Streich44@gmail.com","$2b$10$nVLobRETBnrM143.y1KWSePjsmHr6u5HiEtxQyG6NavTnCZdiMzUe","Employee","Designation 5","Female","2024-07-12"
292,"Martha Batz V","Percival_Predovic@hotmail.com","$2b$10$2jYAk0wBidvlDyE96785J.ubEU9o38tKja9BhEgxqJJdIExDS8VIO","Employee","Designation 4","Female","2024-01-07"
293,"Marcus Kemmer III","Ike_Hayes@hotmail.com","$2b$10$wITYtxMpZMJqnO9aJ2VD8.uyWvqstfHWB.o6lF38f2BAQKZxVCfMC","Employee","Designation 2","Male","2024-04-03"
294,"Al Upton","Jarrod.Weimann31@hotmail.com","$2b$10$uE/sN9on9GNBD/XCmgmUSOx08L.vYbokIIJfb2miCtQ40DEDJ2/.q","Employee","Designation 6","Male","2024-04-22"
295,"Angelica Lakin","Serena.Willms43@yahoo.com","$2b$10$GSmYNzqdWUjVAAKRWRP2EOzTQtCIVokuS8kg/cn8Gg0r4bLVpTiXq","Employee","Designation 9","Male","2024-02-01"
296,"Scott McKenzie IV","Brett.Parisian@yahoo.com","$2b$10$8y/cQfQqUXwJp9npwdAy5.obGRfPM21e2tfJNSVtxjD5H5BVX.3TK","Employee","Designation 7","Female","2024-05-10"
297,"Desiree Swift IV","Marlin_Reynolds70@yahoo.com","$2b$10$vKRrzDEYeNxYddde.cyi5uJcebs7nxWjLuc6Qsyp.f.kYpq//SG.K","Employee","Designation 2","Male","2024-04-08"
298,"Hugh Kulas","Ali.Windler@gmail.com","$2b$10$EaieyC9TX33zbDCmeHU9be0tRGeL65YB2cBcJ1jGSIyciQbRQhz5e","Employee","Designation 6","Female","2024-09-03"
299,"Fernando Morissette","Ivy_Medhurst@gmail.com","$2b$10$7MnKa.RFqLDnYkQ5tiiGT.LF1qFDheWDXMU314MCO2/7Y5P0i9lfe","Employee","Designation 8","Male","2024-05-11"
300,"Timmy Casper","Flossie9@hotmail.com","$2b$10$JnyqEVF0XDvaldCl3lSf0OQYVJ2RiKSpEUqlat3Xg4TAVLOl5GU6y","Employee","Designation 9","Male","2023-11-23"